transaction_id,customer_id,product_id,category,quantity_sold,unit_price,store_id,weather_conditions,holiday_indicator,target
1,1252,154,Groceries,4,1198.8,6,Cloudy,False,0
2,1018,144,Electronics,10,1746.96,6,Sunny,False,1
3,3759,175,Electronics,2,114.21,6,Cloudy,False,0
4,4803,100,Electronics,8,783.23,12,Rainy,False,0
5,2159,120,Groceries,10,333.32,2,Rainy,False,1
6,1222,182,Clothing,7,1396.8,8,Cloudy,False,1
7,1002,120,Groceries,11,229.33,14,Rainy,True,1
8,2259,151,Clothing,2,1336.32,5,Rainy,False,1
9,1853,181,Clothing,6,586.64,5,Sunny,True,0
10,2488,142,Electronics,14,413.86,2,Rainy,True,1
11,1227,151,Clothing,8,1873.98,4,Cloudy,True,0
12,3960,166,Clothing,7,56.68,12,Stormy,False,0
13,2677,143,Clothing,1,886.8,9,Rainy,False,1
14,1498,131,Electronics,5,62.82,9,Rainy,False,0
15,3568,109,Groceries,2,977.51,6,Cloudy,False,0
16,3749,163,Electronics,6,1012.07,11,Stormy,True,0
17,2885,178,Groceries,7,656.89,9,Rainy,False,0
18,3964,168,Electronics,14,281.68,4,Rainy,True,1
19,4748,167,Clothing,14,765.25,11,Cloudy,False,0
20,3015,127,Clothing,7,1351.08,1,Cloudy,False,1
21,2162,152,Clothing,3,1569.14,2,Sunny,True,0
22,2299,150,Clothing,7,1070.89,13,Cloudy,True,1
23,3338,152,Clothing,5,1187.87,1,Sunny,False,1
24,2076,103,Clothing,8,417.22,8,Rainy,False,1
25,4758,178,Clothing,12,588.91,9,Rainy,False,0
26,4181,116,Clothing,8,340.55,10,Cloudy,False,0
27,1714,166,Groceries,7,513.6,12,Rainy,False,0
28,1947,173,Electronics,6,465.28,6,Rainy,False,0
29,3695,146,Clothing,2,1048.51,2,Rainy,True,1
30,4075,155,Clothing,6,1134.12,6,Cloudy,True,0
31,4738,122,Clothing,13,1891.0,9,Sunny,False,1
32,3731,117,Clothing,12,407.23,12,Rainy,False,0
33,1869,100,Clothing,11,1290.52,3,Sunny,True,0
34,2070,134,Electronics,9,1638.17,9,Cloudy,True,0
35,1093,163,Electronics,2,1129.28,2,Rainy,True,0
36,3987,157,Electronics,1,524.91,11,Rainy,True,1
37,1559,194,Clothing,11,539.85,5,Rainy,True,1
38,2775,158,Clothing,13,97.72,11,Cloudy,False,1
39,4930,100,Groceries,5,624.78,2,Rainy,False,0
40,3260,102,Clothing,11,1494.32,7,Cloudy,False,0
41,1435,166,Electronics,6,114.09,11,Cloudy,False,0
42,1851,136,Groceries,3,454.2,10,Stormy,False,1
43,3555,182,Groceries,8,1418.34,9,Rainy,False,1
44,3883,128,Clothing,7,1569.65,7,Stormy,False,1
45,3698,188,Clothing,2,921.53,12,Sunny,False,1
46,1204,132,Groceries,12,1402.19,5,Rainy,False,0
47,3428,199,Clothing,7,788.15,4,Cloudy,False,0
48,4144,160,Groceries,1,336.63,12,Rainy,False,0
49,4587,192,Electronics,9,808.34,4,Rainy,False,1
50,2099,189,Electronics,13,1168.34,10,Rainy,False,1
51,4912,103,Clothing,7,1897.15,8,Cloudy,False,0
52,1076,113,Clothing,6,156.13,10,Rainy,True,1
53,1815,190,Groceries,13,1024.64,13,Cloudy,False,1
54,1767,132,Groceries,2,671.26,10,Cloudy,False,1
55,3457,121,Clothing,3,1026.46,14,Cloudy,True,1
56,4685,147,Electronics,1,67.47,10,Rainy,False,0
57,1105,102,Groceries,10,639.79,10,Stormy,False,1
58,4916,186,Clothing,13,1643.34,10,Rainy,True,0
59,3598,184,Electronics,5,1116.8,1,Sunny,False,1
60,4547,122,Clothing,9,912.15,5,Sunny,True,0
61,3873,167,Clothing,13,585.34,14,Rainy,False,1
62,4346,120,Clothing,6,610.12,2,Sunny,False,0
63,3135,142,Clothing,5,778.54,13,Sunny,False,0
64,2746,194,Clothing,12,1674.43,11,Rainy,False,0
65,3928,184,Groceries,3,1935.08,9,Rainy,False,1
66,4148,125,Clothing,5,888.54,7,Cloudy,False,1
67,4148,140,Clothing,8,798.84,10,Cloudy,False,1
68,2465,198,Electronics,12,1696.17,8,Cloudy,False,0
69,3587,137,Clothing,2,865.27,6,Rainy,False,1
70,1244,187,Electronics,5,1113.0,9,Rainy,False,0
71,3625,110,Electronics,6,477.26,6,Stormy,True,1
72,4849,128,Clothing,10,1492.14,7,Sunny,False,0
73,2405,159,Electronics,8,1073.34,7,Cloudy,True,0
74,1981,166,Clothing,8,1621.89,9,Sunny,False,0
75,3764,164,Electronics,5,1565.85,11,Stormy,False,0
76,4641,160,Clothing,9,445.71,8,Rainy,True,0
77,2736,118,Electronics,4,1436.96,13,Rainy,True,1
78,4808,145,Electronics,12,1604.11,1,Cloudy,True,0
79,1141,148,Electronics,9,705.29,4,Rainy,False,0
80,1892,121,Groceries,11,361.77,7,Rainy,False,1
81,2391,177,Groceries,7,25.21,11,Rainy,False,1
82,4155,156,Electronics,6,912.79,8,Cloudy,False,1
83,4214,113,Clothing,4,717.82,7,Sunny,True,1
84,3399,143,Clothing,2,1118.72,12,Sunny,False,1
85,1544,115,Groceries,8,392.32,3,Rainy,False,0
86,3960,196,Clothing,6,1722.14,4,Sunny,False,1
87,3199,176,Clothing,12,530.36,12,Cloudy,True,1
88,4229,111,Electronics,3,468.33,7,Rainy,False,1
89,2469,154,Clothing,7,971.81,8,Rainy,False,1
90,3700,150,Groceries,10,1007.73,7,Sunny,False,1
91,4005,138,Clothing,7,445.87,6,Rainy,False,0
92,1762,132,Electronics,6,558.28,9,Sunny,False,1
93,4374,132,Electronics,2,356.02,9,Sunny,False,0
94,1623,128,Clothing,8,1442.55,11,Sunny,True,1
95,1655,168,Clothing,1,1544.78,13,Stormy,False,0
96,3497,169,Clothing,13,935.41,7,Sunny,False,1
97,3768,130,Groceries,1,1433.89,8,Cloudy,True,0
98,2247,179,Electronics,6,1477.15,6,Sunny,False,0
99,1042,130,Clothing,5,293.79,1,Sunny,False,0
100,3311,188,Groceries,9,1933.03,1,Rainy,False,0
101,4827,145,Clothing,13,1645.64,6,Rainy,False,0
102,2026,196,Electronics,12,424.88,2,Stormy,False,1
103,2660,176,Clothing,7,388.61,14,Stormy,False,0
104,2291,151,Groceries,2,268.81,8,Cloudy,True,1
105,1595,109,Electronics,13,293.99,1,Cloudy,False,0
106,4087,187,Groceries,12,1501.36,13,Rainy,True,0
107,4405,173,Clothing,7,949.92,2,Rainy,True,0
108,4535,140,Electronics,3,1570.21,8,Stormy,False,1
109,4130,194,Clothing,1,1497.58,12,Cloudy,False,1
110,2012,176,Clothing,11,1217.13,6,Rainy,False,1
111,3224,102,Clothing,8,1379.01,12,Rainy,True,1
112,3110,158,Clothing,14,56.34,10,Sunny,False,1
113,1957,151,Groceries,12,637.32,2,Stormy,True,1
114,4050,133,Electronics,3,1282.89,2,Rainy,False,0
115,1560,148,Clothing,11,38.5,11,Rainy,False,0
116,2330,127,Clothing,8,85.29,14,Sunny,True,0
117,4317,182,Clothing,7,1706.74,7,Cloudy,False,0
118,2312,186,Clothing,12,1374.37,5,Sunny,True,1
119,2821,195,Electronics,2,545.43,5,Cloudy,False,1
120,4002,112,Clothing,13,1382.17,8,Sunny,False,1
121,4403,196,Clothing,14,1589.06,12,Cloudy,False,0
122,2550,197,Electronics,14,627.45,12,Cloudy,False,0
123,1849,196,Groceries,1,91.35,7,Sunny,False,0
124,2278,168,Groceries,7,1866.9,12,Rainy,True,1
125,3651,166,Clothing,13,703.46,14,Rainy,True,1
126,2533,160,Electronics,1,230.83,9,Sunny,False,1
127,2814,159,Clothing,6,993.88,4,Cloudy,False,1
128,2741,170,Electronics,13,1541.57,10,Rainy,True,1
129,1605,123,Electronics,11,458.86,4,Rainy,False,0
130,4808,162,Clothing,10,553.59,2,Sunny,False,0
131,4884,185,Electronics,11,500.58,3,Rainy,False,1
132,3877,160,Electronics,10,1983.51,1,Cloudy,False,1
133,2486,122,Electronics,8,410.86,1,Rainy,False,1
134,4270,129,Electronics,7,1159.53,7,Stormy,False,0
135,2294,159,Electronics,4,1852.02,14,Stormy,True,1
136,1745,117,Groceries,1,310.86,14,Sunny,False,0
137,1557,195,Electronics,1,1942.29,5,Sunny,True,0
138,3111,155,Electronics,4,1896.0,3,Cloudy,True,1
139,4301,152,Electronics,5,1771.45,7,Rainy,False,1
140,1941,106,Groceries,12,444.82,14,Sunny,False,0
141,3296,196,Clothing,7,1275.43,2,Rainy,True,1
142,2269,168,Clothing,14,1526.57,3,Rainy,False,1
143,1939,191,Groceries,4,1972.34,1,Cloudy,False,0
144,2610,171,Clothing,10,377.24,8,Sunny,True,1
145,3204,178,Clothing,14,1536.73,2,Sunny,False,1
146,3782,151,Electronics,12,690.83,7,Stormy,False,0
147,2725,103,Clothing,1,367.74,11,Cloudy,True,0
148,1984,133,Clothing,11,854.33,9,Rainy,False,1
149,2587,168,Clothing,10,1591.8,6,Cloudy,False,1
150,4159,132,Electronics,7,940.4,2,Rainy,False,1
151,2336,168,Clothing,2,1084.3,2,Cloudy,False,0
152,2874,137,Electronics,13,1990.42,9,Rainy,True,0
153,4137,197,Electronics,11,810.24,10,Rainy,False,0
154,1661,125,Clothing,2,1238.49,8,Cloudy,True,0
155,4091,100,Groceries,8,743.18,14,Rainy,False,1
156,1032,103,Clothing,12,797.72,14,Stormy,False,1
157,4911,138,Clothing,10,1397.37,14,Rainy,True,0
158,2816,153,Electronics,10,1877.02,9,Stormy,False,0
159,3605,189,Electronics,10,1093.87,4,Stormy,True,0
160,3120,132,Electronics,5,1541.43,4,Rainy,False,1
161,2889,132,Clothing,10,196.63,2,Cloudy,False,1
162,3872,171,Electronics,2,438.09,14,Rainy,True,1
163,4414,119,Electronics,5,1014.22,10,Stormy,False,0
164,2156,115,Clothing,8,59.62,1,Rainy,False,0
165,4126,120,Electronics,6,520.65,10,Cloudy,True,1
166,1060,144,Clothing,3,1044.45,13,Rainy,False,1
167,4928,189,Clothing,8,49.62,4,Rainy,False,1
168,2543,186,Clothing,14,543.8,10,Sunny,False,0
169,1271,181,Clothing,9,1037.78,10,Rainy,False,1
170,3293,161,Clothing,5,1154.84,11,Cloudy,False,1
171,2199,130,Electronics,13,1852.99,8,Cloudy,False,0
172,3675,141,Clothing,2,1297.78,2,Cloudy,False,0
173,4388,111,Groceries,2,841.18,13,Rainy,False,0
174,2806,164,Electronics,7,1862.1,12,Rainy,True,0
175,3752,172,Electronics,1,1574.07,11,Sunny,False,1
176,3709,102,Groceries,10,416.02,8,Cloudy,False,0
177,2154,189,Clothing,12,279.07,1,Stormy,False,1
178,2125,108,Clothing,2,1358.11,1,Rainy,True,1
179,1309,150,Clothing,10,1128.57,4,Sunny,False,0
180,4853,115,Electronics,4,1583.55,7,Sunny,False,1
181,2315,187,Clothing,1,1482.83,9,Cloudy,False,1
182,2745,177,Clothing,4,1257.92,5,Cloudy,False,0
183,3542,102,Electronics,13,1973.04,2,Cloudy,False,1
184,4432,197,Clothing,12,1076.51,12,Rainy,False,1
185,1337,196,Clothing,11,243.95,7,Cloudy,False,0
186,3626,123,Clothing,13,1659.98,11,Cloudy,True,1
187,1009,172,Electronics,10,518.67,2,Rainy,False,1
188,1048,112,Clothing,5,1559.06,9,Rainy,True,0
189,2510,101,Clothing,9,1915.07,9,Sunny,False,0
190,3670,170,Clothing,1,1399.66,3,Rainy,False,1
191,2344,120,Clothing,12,1200.14,13,Cloudy,False,0
192,1730,118,Electronics,5,931.56,8,Rainy,True,1
193,4640,188,Clothing,2,741.53,11,Cloudy,False,0
194,1794,146,Clothing,9,718.95,4,Rainy,True,0
195,4018,121,Electronics,6,1280.02,3,Sunny,True,1
196,2648,174,Clothing,2,1507.52,1,Rainy,True,1
197,1132,132,Clothing,14,1363.46,5,Rainy,False,1
198,4654,131,Clothing,3,412.85,13,Rainy,False,0
199,3130,163,Electronics,14,998.09,14,Sunny,False,1
200,3104,184,Clothing,8,1587.45,11,Rainy,False,0
201,1375,138,Groceries,1,961.89,4,Sunny,True,1
202,3396,183,Clothing,12,1082.51,1,Sunny,False,0
203,1270,171,Groceries,3,1546.85,10,Rainy,True,0
204,2506,141,Groceries,13,1329.31,8,Rainy,True,1
205,3158,108,Electronics,10,830.5,8,Stormy,True,1
206,3916,124,Clothing,1,1792.92,13,Rainy,False,0
207,3934,188,Clothing,11,341.88,8,Cloudy,False,1
208,1075,196,Groceries,11,1991.12,3,Rainy,False,1
209,4229,101,Electronics,8,255.33,6,Cloudy,False,0
210,4603,118,Groceries,1,49.6,12,Rainy,False,1
211,2956,119,Clothing,13,1782.24,12,Stormy,True,0
212,2666,192,Clothing,5,505.01,7,Rainy,False,0
213,1328,169,Electronics,4,1464.81,9,Cloudy,False,1
214,3169,116,Electronics,7,1625.81,5,Rainy,False,0
215,1040,188,Clothing,14,1720.79,9,Sunny,False,1
216,2190,167,Electronics,5,1983.36,6,Cloudy,False,1
217,3969,193,Groceries,8,602.2,10,Sunny,True,1
218,3689,183,Electronics,12,1426.28,10,Rainy,False,1
219,4094,102,Clothing,14,248.49,10,Sunny,False,0
220,3326,186,Clothing,11,825.48,4,Cloudy,True,0
221,3810,150,Clothing,1,1698.98,13,Stormy,False,1
222,3516,181,Clothing,5,747.96,1,Rainy,False,0
223,4471,125,Clothing,4,1190.37,1,Cloudy,True,0
224,3056,155,Electronics,3,1017.47,14,Rainy,False,1
225,1012,199,Electronics,5,1298.98,10,Rainy,False,1
226,1923,163,Clothing,10,1946.33,5,Stormy,False,0
227,3970,107,Clothing,3,130.36,13,Cloudy,True,0
228,2842,180,Clothing,8,1156.44,14,Cloudy,True,0
229,4903,194,Clothing,13,1728.8,3,Rainy,False,0
230,4123,136,Clothing,3,973.14,5,Rainy,False,0
231,2232,196,Clothing,1,175.48,5,Rainy,False,0
232,4621,126,Electronics,9,1129.87,1,Rainy,True,0
233,4683,144,Clothing,9,677.51,14,Rainy,True,1
234,4776,103,Groceries,6,326.78,8,Cloudy,True,0
235,4473,185,Groceries,10,1701.09,5,Cloudy,False,1
236,2214,189,Clothing,1,1052.77,5,Rainy,False,0
237,4122,195,Clothing,8,1867.89,9,Sunny,False,1
238,4464,187,Groceries,2,1615.91,8,Cloudy,False,1
239,1652,198,Clothing,9,1392.08,13,Sunny,False,0
240,2703,136,Electronics,14,29.95,1,Cloudy,False,0
241,4894,195,Electronics,8,867.09,3,Sunny,True,0
242,1620,170,Clothing,3,411.02,12,Rainy,False,0
243,4790,132,Groceries,13,1823.38,7,Stormy,False,1
244,2962,130,Clothing,5,365.68,1,Sunny,True,0
245,4371,154,Electronics,9,586.4,1,Rainy,True,1
246,2645,111,Electronics,13,1043.34,5,Rainy,False,0
247,3243,110,Clothing,1,541.46,9,Stormy,False,0
248,1416,187,Groceries,9,435.53,6,Cloudy,True,0
249,1663,171,Clothing,4,1206.22,10,Rainy,True,0
250,4491,131,Clothing,4,196.08,2,Sunny,False,0
251,2778,156,Electronics,4,135.17,11,Cloudy,False,0
252,4711,137,Groceries,10,757.05,9,Rainy,False,1
253,4688,159,Clothing,12,1446.92,6,Cloudy,True,1
254,4593,185,Electronics,9,1118.52,5,Sunny,True,1
255,2379,197,Clothing,14,857.3,5,Sunny,True,1
256,1147,118,Electronics,6,1140.19,12,Cloudy,True,1
257,3045,183,Electronics,11,743.59,3,Rainy,False,1
258,4048,155,Electronics,8,1873.57,14,Cloudy,False,1
259,2388,113,Electronics,12,128.71,6,Sunny,False,1
260,3411,132,Clothing,14,1353.32,13,Rainy,False,1
261,4723,109,Clothing,4,1784.74,4,Stormy,True,0
262,2725,179,Clothing,3,1611.69,13,Rainy,False,1
263,1401,163,Clothing,14,384.4,12,Cloudy,False,1
264,3653,163,Electronics,1,605.93,10,Sunny,False,1
265,2515,161,Electronics,10,1439.75,14,Cloudy,True,0
266,3031,167,Clothing,7,186.86,2,Cloudy,False,0
267,1228,190,Clothing,4,1627.49,13,Rainy,True,0
268,2598,191,Electronics,14,1443.44,3,Cloudy,True,0
269,4923,142,Groceries,8,1464.62,9,Cloudy,False,1
270,3584,179,Clothing,14,218.48,11,Rainy,False,1
271,1267,158,Groceries,3,1441.17,11,Rainy,True,0
272,2428,151,Clothing,1,1366.04,9,Rainy,True,1
273,2816,196,Electronics,5,1665.23,6,Sunny,False,0
274,2034,118,Clothing,14,102.36,10,Rainy,True,1
275,2343,120,Electronics,2,65.76,10,Rainy,False,1
276,4784,121,Clothing,3,758.55,14,Rainy,True,0
277,1125,108,Electronics,14,314.6,9,Cloudy,True,0
278,3353,108,Groceries,6,1125.6,4,Rainy,False,1
279,2725,172,Electronics,3,1836.35,11,Stormy,False,1
280,4582,126,Groceries,3,795.13,5,Rainy,True,0
281,2112,116,Groceries,12,1693.0,10,Rainy,False,1
282,4426,143,Clothing,6,20.48,6,Cloudy,True,0
283,3675,144,Clothing,5,353.66,13,Rainy,True,0
284,2375,107,Clothing,10,80.24,9,Rainy,False,0
285,1688,179,Groceries,9,669.73,13,Sunny,False,1
286,4085,117,Clothing,1,1818.22,5,Rainy,False,0
287,2280,132,Clothing,13,211.97,8,Rainy,False,0
288,2232,100,Clothing,3,1220.69,11,Stormy,False,1
289,1280,175,Groceries,3,913.96,1,Rainy,False,0
290,1442,105,Clothing,11,1878.17,5,Cloudy,True,0
291,2863,140,Clothing,6,262.59,10,Cloudy,True,1
292,1836,154,Clothing,8,439.82,1,Rainy,False,1
293,1388,104,Groceries,3,78.49,10,Rainy,False,1
294,1616,158,Clothing,3,879.19,14,Cloudy,False,1
295,4554,179,Electronics,6,570.11,6,Cloudy,False,0
296,1146,117,Clothing,8,1742.41,7,Sunny,False,1
297,4350,148,Groceries,6,1217.78,12,Rainy,True,0
298,1520,181,Clothing,13,1235.9,14,Rainy,False,0
299,1629,164,Groceries,12,1073.18,5,Sunny,False,1
300,4677,182,Electronics,14,201.86,1,Rainy,False,1
301,3481,153,Clothing,10,901.14,6,Cloudy,True,0
302,3191,160,Clothing,3,1999.02,10,Rainy,False,0
303,1288,107,Groceries,4,1673.75,5,Cloudy,False,0
304,2409,102,Electronics,1,1789.05,6,Cloudy,False,0
305,1013,124,Groceries,13,1649.99,11,Rainy,False,1
306,1256,168,Clothing,8,224.02,10,Sunny,False,0
307,4417,154,Electronics,4,470.35,7,Cloudy,False,1
308,2721,139,Clothing,6,26.18,7,Cloudy,False,0
309,4416,182,Electronics,11,620.95,2,Cloudy,True,0
310,2423,181,Clothing,3,235.04,12,Sunny,False,1
311,2230,149,Electronics,11,956.13,3,Rainy,False,1
312,1857,194,Electronics,12,1360.71,12,Sunny,False,0
313,3990,132,Groceries,11,1751.52,6,Rainy,True,1
314,2195,117,Electronics,6,1503.45,3,Cloudy,False,1
315,1463,156,Electronics,12,1878.4,2,Sunny,True,0
316,1269,115,Clothing,11,126.72,4,Cloudy,True,0
317,2244,179,Clothing,9,44.12,5,Rainy,False,0
318,4223,137,Clothing,9,1329.45,11,Cloudy,True,0
319,3670,140,Clothing,10,592.92,10,Stormy,True,1
320,2206,106,Clothing,3,521.93,9,Sunny,False,1
321,4470,177,Clothing,3,675.16,3,Stormy,True,0
322,4922,152,Electronics,4,554.2,3,Sunny,False,1
323,1071,162,Electronics,12,1032.64,6,Rainy,True,1
324,4489,188,Clothing,7,891.49,5,Cloudy,False,0
325,4969,131,Clothing,3,1034.61,6,Stormy,False,0
326,2306,137,Clothing,10,1351.97,7,Rainy,False,0
327,3121,121,Clothing,8,786.52,11,Rainy,True,0
328,3402,115,Clothing,11,517.59,3,Cloudy,True,0
329,2750,151,Electronics,8,349.08,13,Cloudy,True,0
330,1496,128,Electronics,6,711.96,5,Sunny,False,0
331,4399,115,Clothing,4,1488.78,8,Cloudy,False,1
332,1987,175,Clothing,11,1518.28,4,Rainy,True,1
333,4606,116,Clothing,12,1340.47,10,Rainy,True,0
334,3627,163,Electronics,11,483.38,2,Rainy,True,0
335,1909,190,Clothing,5,1184.41,4,Rainy,False,1
336,4518,188,Groceries,12,1149.97,2,Stormy,False,1
337,1372,112,Electronics,2,978.85,3,Rainy,False,1
338,1361,171,Clothing,13,1108.96,4,Stormy,False,0
339,3140,155,Groceries,6,993.75,4,Sunny,False,1
340,2344,104,Clothing,3,1139.6,10,Cloudy,True,1
341,1323,111,Clothing,6,1436.7,9,Cloudy,True,1
342,3431,140,Electronics,12,237.06,10,Cloudy,False,0
343,1574,102,Clothing,5,1504.26,6,Cloudy,False,1
344,1735,198,Electronics,14,289.05,9,Rainy,False,1
345,3784,132,Groceries,2,151.92,4,Cloudy,False,0
346,4952,185,Clothing,12,1952.64,9,Cloudy,False,0
347,3393,149,Clothing,13,1914.84,11,Sunny,False,1
348,4920,155,Clothing,14,139.66,13,Cloudy,False,0
349,4174,108,Clothing,5,897.64,9,Rainy,False,0
350,4286,181,Clothing,5,388.76,6,Rainy,True,0
351,2215,149,Groceries,14,980.98,5,Cloudy,False,0
352,2695,128,Groceries,9,1663.75,3,Rainy,False,0
353,2907,138,Clothing,11,1902.21,14,Cloudy,False,0
354,1718,190,Groceries,8,1275.82,5,Rainy,False,1
355,1780,199,Clothing,12,720.73,3,Sunny,False,0
356,2019,144,Clothing,12,1214.58,5,Rainy,True,0
357,4265,116,Clothing,7,637.76,5,Sunny,False,1
358,2403,155,Electronics,12,1821.45,2,Cloudy,True,1
359,2426,197,Electronics,13,1743.39,14,Rainy,False,1
360,1663,145,Electronics,14,1125.3,14,Rainy,False,1
361,2772,166,Clothing,3,663.1,9,Sunny,True,1
362,3647,168,Clothing,10,600.91,7,Rainy,True,0
363,1010,113,Clothing,4,86.17,14,Cloudy,False,1
364,3234,166,Groceries,6,1635.33,6,Sunny,False,1
365,3773,122,Clothing,3,911.76,5,Cloudy,True,0
366,2038,193,Clothing,11,663.76,4,Stormy,False,0
367,3825,160,Electronics,9,952.8,8,Cloudy,False,0
368,4368,122,Electronics,8,1641.1,2,Cloudy,True,1
369,3458,126,Clothing,6,266.74,8,Sunny,False,1
370,4003,153,Clothing,4,1718.16,1,Rainy,False,1
371,1584,109,Clothing,7,1797.07,10,Cloudy,False,0
372,2075,188,Electronics,13,1894.48,1,Cloudy,False,1
373,4711,176,Clothing,11,807.03,3,Cloudy,True,1
374,4099,115,Electronics,3,449.94,5,Cloudy,True,1
375,3624,140,Electronics,10,759.81,14,Rainy,True,0
376,4088,197,Electronics,8,679.17,6,Sunny,False,1
377,2374,154,Electronics,1,368.78,4,Cloudy,False,0
378,2451,160,Clothing,3,1222.39,7,Cloudy,False,0
379,4721,185,Electronics,11,963.72,7,Rainy,False,1
380,2854,180,Groceries,5,1734.09,2,Cloudy,False,1
381,4300,186,Clothing,5,83.58,2,Rainy,False,0
382,2789,199,Electronics,10,1294.86,2,Rainy,False,1
383,4036,148,Electronics,14,1530.64,14,Cloudy,True,1
384,4281,172,Clothing,2,1523.78,2,Cloudy,True,1
385,4502,151,Electronics,10,1774.43,13,Rainy,False,1
386,4365,101,Groceries,8,1463.49,9,Sunny,False,0
387,1742,195,Groceries,5,1857.06,14,Rainy,False,1
388,2776,149,Electronics,7,678.66,5,Cloudy,False,1
389,4653,185,Clothing,7,1016.35,11,Rainy,True,1
390,4175,142,Electronics,14,47.88,8,Cloudy,False,1
391,1203,176,Clothing,5,33.78,5,Stormy,False,0
392,2076,107,Clothing,8,495.45,13,Cloudy,False,0
393,1973,158,Electronics,9,219.6,11,Rainy,False,0
394,3987,164,Electronics,4,535.22,5,Cloudy,False,0
395,2398,180,Clothing,4,370.55,1,Rainy,False,1
396,2865,111,Clothing,8,76.47,6,Sunny,False,0
397,4125,103,Electronics,1,1820.42,4,Sunny,False,1
398,2299,176,Clothing,4,36.28,3,Rainy,False,0
399,4406,194,Clothing,6,1477.44,6,Stormy,True,0
400,2054,140,Groceries,13,321.25,2,Rainy,True,1
401,2158,106,Electronics,4,1826.21,8,Rainy,True,0
402,4129,186,Clothing,6,1787.74,1,Stormy,True,1
403,1104,187,Clothing,5,1314.72,12,Sunny,False,0
404,4337,168,Electronics,14,1351.02,9,Cloudy,False,0
405,4593,168,Clothing,9,30.57,8,Rainy,True,1
406,4567,180,Clothing,10,1970.05,1,Sunny,True,0
407,1252,129,Groceries,9,1758.11,10,Stormy,True,0
408,1294,172,Electronics,4,1792.31,12,Sunny,False,1
409,3715,105,Clothing,13,1325.3,9,Rainy,False,0
410,2181,188,Clothing,14,702.68,2,Rainy,False,0
411,1548,118,Groceries,4,1789.42,3,Sunny,False,1
412,3678,179,Clothing,12,597.2,2,Sunny,True,0
413,4138,184,Groceries,8,1134.17,13,Sunny,False,1
414,2777,165,Groceries,10,217.47,14,Sunny,True,0
415,1298,109,Electronics,4,1845.47,8,Cloudy,False,1
416,4534,115,Groceries,2,298.73,2,Rainy,False,1
417,2748,136,Groceries,13,465.3,10,Rainy,False,0
418,2843,178,Electronics,13,1125.11,2,Rainy,False,0
419,1100,176,Clothing,14,1532.9,1,Stormy,False,1
420,4127,176,Clothing,2,1246.32,7,Stormy,True,0
421,3379,131,Electronics,1,479.63,12,Cloudy,True,0
422,3883,146,Electronics,5,21.87,2,Cloudy,False,0
423,2774,171,Electronics,6,1519.16,10,Rainy,False,1
424,3440,142,Electronics,9,1970.71,5,Rainy,True,0
425,4814,181,Clothing,5,1623.63,5,Cloudy,False,1
426,1873,135,Electronics,13,931.21,3,Cloudy,False,0
427,3428,125,Groceries,6,1809.46,3,Rainy,False,0
428,1091,109,Clothing,6,831.5,13,Rainy,False,1
429,4862,130,Electronics,3,1059.37,12,Stormy,False,1
430,1446,196,Clothing,12,964.72,3,Cloudy,False,0
431,1108,128,Clothing,4,906.3,6,Rainy,False,0
432,1316,104,Groceries,1,1554.88,14,Cloudy,False,1
433,4239,176,Electronics,4,1063.0,4,Rainy,False,1
434,2835,100,Electronics,1,647.1,13,Sunny,False,0
435,2943,186,Groceries,5,531.15,3,Rainy,True,1
436,2458,102,Groceries,11,94.74,2,Rainy,True,1
437,1441,166,Clothing,11,1174.73,13,Sunny,False,0
438,3265,170,Clothing,8,475.32,3,Cloudy,False,0
439,2245,199,Electronics,8,313.31,4,Rainy,False,1
440,3720,134,Clothing,5,1314.58,6,Rainy,True,1
441,2551,114,Electronics,14,1368.79,4,Sunny,True,0
442,1277,166,Electronics,10,1509.27,8,Sunny,False,0
443,4056,192,Groceries,2,1017.08,3,Cloudy,True,1
444,1568,129,Electronics,12,1790.23,12,Cloudy,True,0
445,4645,181,Clothing,6,1873.96,3,Stormy,False,0
446,2009,174,Groceries,1,1618.59,3,Stormy,True,0
447,3922,142,Electronics,7,1278.48,8,Rainy,False,0
448,3513,159,Groceries,11,621.37,4,Rainy,False,0
449,1838,139,Groceries,4,1966.23,1,Cloudy,True,1
450,3801,164,Clothing,5,562.79,2,Stormy,False,0
451,4673,128,Electronics,6,421.26,13,Cloudy,False,0
452,2607,173,Clothing,11,895.47,14,Cloudy,False,1
453,3885,191,Clothing,1,132.54,10,Cloudy,False,0
454,1029,194,Clothing,9,1957.42,13,Rainy,False,0
455,3406,118,Electronics,10,1185.1,13,Rainy,False,0
456,2942,102,Groceries,4,1122.77,14,Cloudy,False,0
457,4359,135,Electronics,8,1318.48,2,Cloudy,False,0
458,3133,142,Clothing,5,1004.11,14,Sunny,True,1
459,2257,114,Electronics,11,83.49,3,Rainy,True,0
460,3794,196,Clothing,8,1232.38,6,Sunny,True,0
461,3360,140,Groceries,1,1438.02,8,Rainy,False,0
462,1364,189,Electronics,8,845.16,12,Stormy,True,1
463,2800,179,Electronics,11,1519.45,1,Sunny,False,1
464,2822,135,Clothing,13,469.46,9,Rainy,False,0
465,2862,196,Clothing,11,458.13,1,Rainy,True,1
466,1904,183,Clothing,4,339.61,10,Cloudy,False,1
467,4340,176,Clothing,2,756.55,2,Rainy,False,1
468,1697,132,Electronics,11,1697.08,3,Rainy,True,1
469,3178,104,Groceries,6,1659.27,7,Sunny,False,0
470,3850,177,Groceries,2,777.99,9,Rainy,False,1
471,3836,190,Clothing,5,1186.46,3,Rainy,False,0
472,2855,186,Groceries,2,1447.22,8,Rainy,True,1
473,1350,113,Clothing,3,497.59,9,Stormy,False,0
474,1179,167,Clothing,11,352.92,10,Rainy,False,1
475,4873,182,Electronics,6,1944.75,7,Sunny,False,1
476,2503,146,Clothing,1,1242.76,4,Cloudy,True,0
477,4960,153,Clothing,6,1963.2,4,Rainy,False,1
478,2186,103,Electronics,3,688.76,4,Cloudy,False,0
479,2806,193,Clothing,7,1412.0,6,Rainy,False,0
480,4959,182,Clothing,2,460.76,4,Rainy,False,1
481,4167,194,Clothing,14,537.18,5,Cloudy,False,0
482,1773,194,Clothing,6,1033.57,9,Stormy,False,0
483,1509,108,Groceries,8,652.84,12,Rainy,False,0
484,1364,152,Electronics,1,351.89,7,Rainy,False,0
485,4028,176,Clothing,11,540.5,8,Rainy,True,1
486,1352,177,Clothing,11,90.78,5,Stormy,False,1
487,3847,159,Clothing,13,1414.76,5,Stormy,False,1
488,4507,145,Clothing,9,994.39,13,Sunny,True,0
489,2106,153,Electronics,5,206.6,11,Sunny,False,1
490,2248,173,Groceries,5,359.95,7,Rainy,True,0
491,1411,194,Clothing,13,223.02,11,Sunny,False,0
492,1734,136,Groceries,12,1232.93,13,Rainy,False,0
493,4028,122,Clothing,5,206.54,14,Sunny,True,1
494,1117,126,Clothing,6,1513.48,12,Cloudy,False,1
495,1481,169,Groceries,2,60.61,8,Stormy,True,1
496,1191,189,Clothing,6,513.76,9,Stormy,False,1
497,3638,165,Clothing,14,1783.52,14,Rainy,False,0
498,3637,160,Clothing,11,1442.69,2,Rainy,False,0
499,3706,176,Groceries,4,164.48,3,Cloudy,True,0
500,1106,150,Clothing,8,1645.83,12,Sunny,True,1
501,1381,149,Clothing,13,996.21,12,Cloudy,False,0
502,1782,118,Electronics,11,1696.63,2,Rainy,False,0
503,3437,100,Groceries,9,1209.46,10,Rainy,True,1
504,1243,139,Electronics,9,1370.03,7,Rainy,True,1
505,3632,131,Clothing,8,1987.13,12,Sunny,True,0
506,3916,121,Clothing,3,480.02,2,Cloudy,False,0
507,1467,192,Clothing,10,1255.41,12,Rainy,False,1
508,1865,165,Clothing,11,931.44,14,Rainy,True,1
509,3981,139,Electronics,11,98.11,2,Sunny,False,1
510,2561,137,Clothing,4,48.65,14,Cloudy,True,1
511,2233,147,Clothing,1,256.07,14,Rainy,False,0
512,1603,154,Groceries,9,1305.2,2,Rainy,False,0
513,2660,174,Electronics,5,1142.98,12,Rainy,False,0
514,4062,180,Groceries,6,1115.79,13,Rainy,False,1
515,2096,154,Clothing,3,83.08,4,Sunny,False,1
516,3015,150,Groceries,11,949.22,1,Cloudy,False,1
517,2658,159,Clothing,10,1850.75,2,Sunny,False,1
518,4380,107,Clothing,8,807.23,3,Sunny,False,0
519,4767,185,Groceries,7,1257.35,7,Cloudy,True,0
520,4770,167,Groceries,1,1564.04,10,Rainy,False,0
521,2733,174,Clothing,10,1572.17,1,Rainy,False,1
522,2613,171,Electronics,12,1048.17,6,Rainy,True,0
523,1859,108,Clothing,5,1718.74,3,Rainy,True,0
524,4257,189,Clothing,10,794.93,3,Cloudy,False,1
525,2879,101,Electronics,9,1779.61,4,Cloudy,True,0
526,2276,179,Electronics,12,495.65,13,Cloudy,False,1
527,1012,194,Groceries,11,574.83,4,Cloudy,False,0
528,3346,169,Electronics,12,125.18,7,Rainy,False,1
529,2099,184,Clothing,6,1595.25,3,Rainy,False,0
530,2074,189,Electronics,8,845.77,8,Rainy,False,1
531,1786,158,Clothing,10,473.65,8,Rainy,False,0
532,1148,118,Electronics,1,478.94,11,Stormy,True,0
533,2754,127,Electronics,10,1804.77,13,Cloudy,False,0
534,3169,171,Clothing,11,1671.15,7,Sunny,True,1
535,4282,113,Groceries,7,1115.99,2,Sunny,True,1
536,2303,123,Electronics,3,1239.9,5,Sunny,False,0
537,3585,143,Clothing,9,959.16,6,Rainy,True,1
538,4756,155,Clothing,6,795.5,12,Sunny,False,0
539,2179,189,Groceries,5,1832.64,10,Rainy,True,0
540,4309,194,Clothing,8,268.71,4,Cloudy,True,1
541,3423,150,Clothing,8,848.52,13,Cloudy,True,0
542,1081,131,Clothing,12,702.23,10,Rainy,True,0
543,1491,149,Groceries,12,1006.34,5,Rainy,False,0
544,3403,140,Electronics,3,926.11,14,Rainy,False,0
545,3025,165,Clothing,2,1047.4,9,Cloudy,False,0
546,1924,124,Groceries,2,297.04,11,Cloudy,False,0
547,2296,160,Clothing,14,1036.02,7,Stormy,True,1
548,2603,165,Clothing,5,499.99,2,Rainy,False,0
549,4115,141,Clothing,10,384.98,11,Cloudy,True,1
550,4052,164,Clothing,12,148.37,1,Sunny,False,0
551,2596,135,Clothing,7,1530.05,2,Rainy,False,1
552,1122,175,Clothing,8,866.34,3,Rainy,False,0
553,4420,108,Clothing,10,1260.75,11,Rainy,False,0
554,1707,135,Clothing,8,1460.63,2,Cloudy,False,1
555,3377,191,Groceries,13,1365.05,11,Rainy,False,1
556,4480,137,Electronics,12,951.59,3,Sunny,False,1
557,1990,132,Clothing,8,788.04,10,Sunny,True,1
558,3370,141,Clothing,10,764.4,11,Sunny,False,0
559,4182,160,Clothing,12,1287.3,11,Sunny,False,1
560,3817,145,Electronics,11,999.69,12,Sunny,False,1
561,3040,185,Clothing,3,1701.28,14,Rainy,True,0
562,4160,188,Groceries,14,1751.91,12,Rainy,False,0
563,3480,160,Clothing,11,357.71,9,Stormy,False,1
564,1709,117,Groceries,2,289.74,4,Rainy,False,1
565,1793,169,Groceries,13,1268.19,12,Sunny,True,1
566,1711,181,Electronics,4,616.43,9,Rainy,False,0
567,4170,179,Electronics,1,56.77,11,Cloudy,False,1
568,3586,114,Groceries,3,1779.51,3,Cloudy,False,1
569,3648,147,Groceries,11,469.26,12,Rainy,False,0
570,4217,171,Electronics,9,1859.98,1,Rainy,False,0
571,2717,112,Electronics,7,1440.52,11,Cloudy,True,0
572,1256,142,Electronics,7,1530.05,5,Cloudy,True,0
573,2212,159,Groceries,1,418.89,10,Cloudy,False,1
574,4311,156,Electronics,7,483.7,10,Cloudy,False,0
575,1870,170,Clothing,10,1052.11,14,Cloudy,True,1
576,3946,116,Groceries,7,360.76,2,Rainy,False,0
577,4574,149,Electronics,4,624.75,4,Rainy,False,1
578,2731,131,Clothing,7,656.5,2,Cloudy,False,0
579,1808,121,Electronics,8,336.07,2,Cloudy,True,0
580,3724,154,Groceries,3,426.26,13,Sunny,True,1
581,4890,156,Electronics,13,1581.33,3,Stormy,False,1
582,1270,112,Clothing,10,351.05,5,Sunny,False,0
583,2543,146,Clothing,2,76.35,4,Rainy,False,1
584,1549,186,Electronics,7,1266.12,2,Cloudy,False,0
585,2137,161,Electronics,5,1952.45,11,Rainy,False,0
586,4410,153,Clothing,5,675.8,14,Rainy,False,0
587,1567,128,Electronics,14,254.94,14,Sunny,False,0
588,4033,121,Groceries,5,1149.37,10,Rainy,False,0
589,1358,164,Groceries,7,1814.58,2,Sunny,False,0
590,2673,128,Clothing,9,1572.44,14,Rainy,True,1
591,2637,147,Clothing,11,1252.58,6,Rainy,False,1
592,2357,104,Clothing,8,643.81,7,Stormy,True,0
593,2712,134,Groceries,6,1092.92,12,Stormy,False,1
594,4240,173,Clothing,7,200.66,10,Sunny,False,0
595,2362,182,Electronics,9,1364.31,6,Cloudy,True,1
596,1797,170,Electronics,14,1455.69,7,Sunny,False,1
597,2284,145,Clothing,11,1930.76,1,Sunny,False,1
598,1886,134,Clothing,6,535.59,6,Sunny,False,1
599,2758,144,Clothing,1,56.54,11,Stormy,True,0
600,2222,112,Electronics,4,1100.3,3,Stormy,False,1
601,3258,109,Clothing,8,1419.45,1,Sunny,True,0
602,1286,165,Electronics,7,1585.01,8,Sunny,True,0
603,2715,169,Electronics,3,403.6,4,Rainy,True,0
604,2785,171,Clothing,10,538.27,10,Rainy,True,0
605,1742,199,Electronics,3,1034.93,8,Rainy,False,1
606,4543,124,Clothing,11,674.59,10,Rainy,False,1
607,2505,143,Clothing,3,1723.81,14,Cloudy,False,0
608,3040,159,Clothing,12,958.05,11,Rainy,False,0
609,2046,146,Clothing,1,1603.17,4,Stormy,True,0
610,4631,139,Electronics,10,1169.63,4,Cloudy,False,1
611,4180,106,Electronics,1,1550.72,12,Rainy,True,0
612,1295,145,Groceries,6,678.69,14,Cloudy,False,0
613,3053,122,Clothing,14,1666.2,10,Cloudy,False,1
614,3597,182,Clothing,14,563.65,4,Rainy,True,1
615,1680,145,Electronics,1,1101.28,6,Rainy,False,1
616,2891,185,Clothing,5,443.73,14,Stormy,True,0
617,1794,112,Clothing,4,961.54,9,Sunny,False,1
618,1202,120,Clothing,5,649.99,5,Sunny,True,0
619,1324,100,Clothing,7,548.07,12,Rainy,False,0
620,3872,118,Electronics,6,1934.63,13,Cloudy,True,0
621,4856,159,Electronics,12,336.95,10,Cloudy,False,0
622,3291,132,Groceries,9,1578.91,14,Stormy,False,1
623,1326,103,Groceries,6,1968.65,8,Rainy,False,0
624,1986,102,Electronics,9,59.4,8,Sunny,False,1
625,4118,190,Clothing,4,1404.07,4,Rainy,False,1
626,1760,151,Electronics,1,520.77,11,Cloudy,False,1
627,4662,198,Electronics,1,100.17,10,Sunny,True,0
628,4693,127,Clothing,10,817.72,9,Sunny,True,1
629,2036,169,Electronics,7,1871.73,9,Sunny,False,1
630,1906,169,Clothing,13,43.29,5,Rainy,False,1
631,2403,154,Clothing,13,1184.01,6,Cloudy,False,1
632,1364,156,Electronics,13,1012.77,5,Cloudy,True,0
633,4673,186,Electronics,3,1749.3,3,Stormy,False,1
634,4413,196,Groceries,2,186.32,11,Sunny,True,0
635,4931,115,Electronics,14,1369.42,8,Stormy,False,0
636,4863,123,Clothing,6,1366.62,9,Cloudy,False,1
637,2244,168,Clothing,6,1344.78,4,Rainy,True,0
638,3120,140,Clothing,13,1885.82,9,Stormy,False,1
639,4817,176,Clothing,7,1649.71,9,Rainy,True,1
640,4843,146,Electronics,5,103.11,7,Cloudy,False,1
641,2648,175,Electronics,8,952.74,8,Cloudy,False,1
642,2069,168,Electronics,7,807.95,3,Cloudy,False,1
643,4575,130,Clothing,2,634.09,5,Rainy,False,0
644,1273,191,Clothing,1,913.65,3,Sunny,True,1
645,4626,191,Electronics,13,780.7,7,Rainy,False,0
646,3255,129,Electronics,14,876.02,6,Rainy,False,0
647,2952,117,Clothing,9,1958.94,11,Cloudy,False,1
648,2884,143,Clothing,5,195.49,3,Cloudy,True,0
649,4686,126,Groceries,12,1846.02,9,Stormy,False,0
650,1123,198,Clothing,11,970.87,12,Sunny,False,0
651,4081,125,Clothing,5,1255.01,1,Cloudy,False,0
652,2352,159,Clothing,12,1663.76,10,Stormy,False,0
653,4258,117,Groceries,10,733.72,3,Cloudy,False,1
654,3590,196,Groceries,4,872.24,11,Sunny,False,0
655,2691,188,Clothing,2,830.85,10,Sunny,False,1
656,3107,155,Electronics,5,761.97,11,Sunny,True,0
657,4832,130,Electronics,2,1852.55,7,Cloudy,False,0
658,3946,158,Clothing,12,1661.28,3,Cloudy,False,1
659,3933,101,Clothing,7,235.82,14,Stormy,False,0
660,3829,196,Clothing,11,234.08,3,Rainy,False,1
661,1441,138,Electronics,9,867.18,2,Rainy,False,0
662,2240,160,Clothing,9,215.34,9,Cloudy,True,1
663,1910,162,Groceries,11,1245.8,11,Cloudy,False,0
664,2025,195,Electronics,6,304.51,4,Stormy,False,0
665,2559,117,Clothing,1,1054.3,10,Cloudy,False,0
666,2741,116,Clothing,13,34.3,13,Rainy,False,0
667,3879,197,Groceries,6,646.86,6,Cloudy,False,0
668,4055,138,Groceries,5,1360.84,2,Cloudy,True,1
669,2734,170,Clothing,4,978.4,9,Rainy,False,1
670,4427,153,Clothing,12,1956.97,7,Rainy,False,0
671,1625,198,Groceries,6,1750.73,10,Sunny,False,1
672,4863,193,Clothing,6,730.96,5,Sunny,False,1
673,2690,175,Clothing,14,110.06,7,Cloudy,True,1
674,4236,134,Clothing,6,1694.34,14,Sunny,True,1
675,1997,110,Electronics,2,1824.24,4,Rainy,False,0
676,3781,160,Clothing,14,1644.84,13,Rainy,False,0
677,1090,143,Groceries,7,273.34,10,Rainy,False,1
678,3214,167,Clothing,14,1995.87,13,Rainy,False,1
679,4006,124,Clothing,4,532.0,7,Cloudy,False,0
680,1206,147,Electronics,13,1453.93,2,Sunny,False,0
681,4353,131,Clothing,12,1817.91,7,Sunny,True,1
682,2088,183,Electronics,9,486.66,4,Rainy,False,1
683,2911,194,Electronics,10,1818.35,4,Rainy,False,0
684,1515,103,Clothing,2,632.77,1,Rainy,True,0
685,2180,137,Electronics,5,1953.3,12,Sunny,False,1
686,4832,162,Clothing,14,576.89,3,Cloudy,False,0
687,2792,146,Clothing,4,1907.8,5,Cloudy,False,0
688,3794,100,Groceries,9,126.02,5,Sunny,True,0
689,3353,102,Clothing,4,1424.36,2,Sunny,False,1
690,2901,185,Electronics,8,1073.58,4,Stormy,True,1
691,3005,161,Electronics,8,966.2,1,Cloudy,True,1
692,1394,163,Clothing,6,462.52,9,Rainy,False,1
693,2097,116,Clothing,6,1417.08,1,Cloudy,False,0
694,1186,177,Clothing,11,397.8,6,Cloudy,False,1
695,2597,161,Clothing,8,1114.63,7,Cloudy,False,1
696,4408,134,Electronics,12,521.43,3,Rainy,False,1
697,4747,112,Clothing,13,1912.13,12,Rainy,False,1
698,2591,134,Clothing,12,76.69,1,Sunny,False,0
699,3670,142,Electronics,10,415.46,7,Stormy,False,1
700,1729,101,Electronics,9,499.78,3,Cloudy,False,1
701,1239,155,Electronics,5,839.85,13,Rainy,False,1
702,3580,176,Electronics,11,480.81,10,Stormy,True,0
703,1140,150,Clothing,1,992.87,12,Stormy,False,1
704,4336,153,Electronics,1,1747.48,12,Stormy,False,1
705,1138,115,Electronics,2,1429.89,6,Cloudy,False,0
706,3506,117,Electronics,10,1168.32,13,Stormy,False,1
707,1069,106,Groceries,10,196.23,12,Rainy,True,1
708,1384,144,Groceries,5,1394.1,14,Cloudy,False,1
709,1629,135,Electronics,4,349.5,6,Cloudy,False,0
710,3245,140,Clothing,1,1577.01,14,Rainy,True,0
711,1204,193,Electronics,4,515.11,12,Sunny,False,0
712,2749,141,Clothing,4,845.76,4,Stormy,False,1
713,1567,106,Electronics,10,713.93,12,Rainy,False,1
714,4870,114,Clothing,4,1720.45,11,Cloudy,False,0
715,1981,159,Clothing,1,270.56,6,Sunny,False,0
716,1804,139,Groceries,9,1139.98,11,Sunny,False,1
717,2710,182,Electronics,14,301.28,10,Rainy,False,1
718,3906,136,Groceries,3,1415.5,4,Rainy,False,1
719,1881,165,Clothing,13,1812.05,13,Cloudy,False,1
720,3035,154,Electronics,4,880.52,8,Rainy,False,1
721,1973,176,Clothing,5,986.42,9,Sunny,False,1
722,1639,194,Electronics,13,1856.3,2,Sunny,False,0
723,2454,179,Electronics,13,1051.56,7,Rainy,False,1
724,4961,155,Electronics,7,985.44,9,Sunny,False,0
725,1324,143,Clothing,6,1165.09,9,Cloudy,False,1
726,1441,156,Clothing,5,1384.67,12,Rainy,True,0
727,1803,105,Groceries,8,231.63,5,Sunny,True,1
728,3335,191,Electronics,14,1645.8,1,Rainy,True,1
729,1225,131,Groceries,1,882.3,6,Sunny,True,1
730,2087,173,Electronics,7,163.25,8,Sunny,False,1
731,1966,117,Clothing,12,1576.64,1,Rainy,True,0
732,3985,167,Clothing,6,766.36,2,Cloudy,False,0
733,1559,172,Electronics,11,218.73,13,Stormy,True,1
734,1713,106,Groceries,5,1274.88,13,Cloudy,False,0
735,1497,107,Clothing,7,1762.66,1,Rainy,False,0
736,3896,163,Clothing,3,1777.75,5,Rainy,True,0
737,3973,106,Clothing,1,1916.17,2,Rainy,False,0
738,4988,140,Clothing,9,1738.06,10,Cloudy,True,1
739,3107,139,Clothing,2,24.24,10,Stormy,False,1
740,4468,102,Clothing,13,772.88,14,Sunny,False,0
741,1256,116,Electronics,10,1640.71,4,Sunny,False,0
742,1576,165,Clothing,3,745.18,1,Cloudy,True,1
743,3286,178,Groceries,8,1211.07,7,Cloudy,False,1
744,4872,192,Electronics,12,1220.51,8,Cloudy,False,0
745,1037,151,Electronics,10,742.75,5,Cloudy,False,0
746,3072,121,Clothing,9,1810.86,2,Stormy,False,0
747,1409,103,Clothing,13,1016.39,8,Rainy,False,1
748,1460,105,Clothing,3,940.27,1,Stormy,False,1
749,4642,137,Electronics,6,1995.08,7,Stormy,True,0
750,4035,125,Clothing,7,997.13,1,Cloudy,True,0
751,2440,110,Electronics,1,373.23,12,Rainy,False,0
752,3404,189,Clothing,14,1035.88,6,Sunny,True,1
753,1382,116,Clothing,7,1631.75,13,Rainy,True,0
754,2832,187,Electronics,4,1558.18,6,Rainy,True,0
755,4229,191,Clothing,5,1581.39,5,Cloudy,False,0
756,1568,198,Groceries,8,1421.89,2,Sunny,False,0
757,4504,130,Clothing,4,523.35,2,Rainy,False,0
758,2071,176,Groceries,4,1726.93,9,Cloudy,True,1
759,4399,134,Clothing,8,1789.02,5,Sunny,False,1
760,1432,115,Clothing,5,404.42,5,Rainy,False,0
761,4502,178,Electronics,13,278.3,7,Rainy,False,1
762,1055,117,Electronics,6,1951.7,6,Cloudy,False,1
763,3624,161,Electronics,12,1739.28,2,Sunny,False,0
764,3315,126,Clothing,11,1788.61,11,Cloudy,False,1
765,3116,134,Groceries,14,1775.03,1,Rainy,True,1
766,2751,144,Clothing,5,1092.54,5,Stormy,True,0
767,3047,134,Clothing,1,1299.88,4,Rainy,True,0
768,1901,127,Clothing,7,1099.82,12,Rainy,False,0
769,2624,108,Clothing,6,121.39,3,Sunny,True,1
770,4520,175,Clothing,2,1496.1,2,Sunny,False,0
771,3840,114,Clothing,11,1020.56,10,Rainy,True,0
772,1256,120,Clothing,7,1302.46,2,Sunny,False,0
773,1671,151,Electronics,6,1015.23,14,Rainy,False,1
774,1489,134,Groceries,5,993.79,4,Rainy,False,1
775,3793,196,Electronics,8,360.14,2,Rainy,False,0
776,4714,150,Electronics,5,571.85,4,Sunny,True,1
777,3096,182,Groceries,11,334.53,3,Cloudy,False,1
778,2682,154,Clothing,2,407.42,9,Stormy,True,1
779,1315,186,Clothing,6,1946.5,7,Sunny,False,1
780,3460,176,Clothing,14,323.16,14,Sunny,False,1
781,1433,143,Clothing,12,553.16,13,Stormy,True,1
782,2025,164,Electronics,1,1189.37,11,Sunny,True,0
783,4912,192,Clothing,5,1228.15,12,Stormy,False,0
784,2975,187,Clothing,14,324.87,3,Sunny,False,1
785,4216,179,Clothing,6,1591.56,13,Cloudy,False,0
786,2979,124,Clothing,7,1574.7,14,Rainy,False,1
787,2389,186,Groceries,14,489.89,8,Stormy,False,0
788,1419,191,Electronics,2,591.56,9,Rainy,True,0
789,2596,146,Clothing,1,1877.22,13,Cloudy,False,0
790,4856,179,Clothing,6,1654.83,7,Sunny,True,0
791,2584,155,Groceries,3,1401.64,6,Rainy,False,0
792,1843,137,Electronics,5,182.82,4,Cloudy,False,1
793,2467,110,Clothing,12,848.16,5,Rainy,True,1
794,3963,166,Groceries,11,1127.42,8,Stormy,False,1
795,1433,114,Electronics,13,391.07,3,Rainy,False,1
796,3690,100,Groceries,2,907.49,2,Cloudy,False,0
797,2578,106,Electronics,1,1210.03,3,Rainy,True,0
798,3104,100,Clothing,1,668.21,12,Stormy,True,0
799,4633,148,Groceries,13,1566.27,7,Stormy,False,0
800,1963,195,Clothing,11,1684.09,8,Rainy,False,1
801,1976,172,Clothing,4,660.75,1,Cloudy,False,1
802,4249,128,Electronics,10,1680.54,13,Cloudy,True,1
803,4364,125,Groceries,13,225.08,7,Rainy,False,0
804,1045,186,Clothing,2,1678.7,9,Cloudy,False,0
805,2193,144,Electronics,1,322.45,12,Sunny,False,0
806,4342,192,Clothing,6,184.2,13,Cloudy,False,0
807,1416,196,Clothing,14,1290.72,14,Sunny,False,1
808,1847,170,Electronics,4,954.44,14,Sunny,False,0
809,3186,111,Electronics,10,1817.62,3,Rainy,False,1
810,1246,194,Electronics,13,739.11,3,Rainy,False,1
811,4219,131,Clothing,12,588.56,8,Cloudy,False,1
812,1229,119,Clothing,7,1011.46,4,Stormy,False,0
813,1791,150,Clothing,11,922.77,14,Rainy,False,1
814,1636,180,Groceries,6,701.97,8,Sunny,True,1
815,4775,135,Groceries,5,1393.61,5,Cloudy,True,1
816,3421,166,Clothing,10,1523.93,14,Rainy,True,0
817,4151,100,Electronics,12,1708.91,3,Rainy,True,0
818,4677,126,Clothing,13,1946.26,4,Rainy,True,0
819,1737,139,Clothing,12,547.98,14,Rainy,False,1
820,2088,196,Clothing,12,1437.87,4,Rainy,False,0
821,1087,183,Clothing,12,800.63,8,Cloudy,False,1
822,4159,113,Clothing,2,1360.62,6,Rainy,True,0
823,1712,199,Groceries,5,962.44,7,Cloudy,True,1
824,2749,168,Electronics,9,1987.67,9,Rainy,False,1
825,2227,186,Clothing,9,1463.23,6,Rainy,False,1
826,2936,178,Electronics,2,1905.93,3,Cloudy,False,1
827,2405,105,Groceries,7,1673.24,13,Rainy,False,1
828,1600,132,Electronics,10,1807.74,3,Rainy,False,1
829,2499,154,Electronics,14,1632.55,11,Cloudy,False,0
830,4644,118,Clothing,4,929.14,3,Rainy,False,0
831,4854,176,Clothing,13,518.54,12,Cloudy,False,1
832,4677,128,Electronics,13,753.23,10,Rainy,False,1
833,4890,160,Clothing,3,60.07,2,Cloudy,False,0
834,3586,169,Clothing,11,1057.51,1,Sunny,False,1
835,1213,178,Electronics,1,1020.01,11,Rainy,True,1
836,3121,179,Clothing,3,1060.0,10,Stormy,False,0
837,3108,123,Groceries,11,1948.58,1,Cloudy,False,1
838,1697,122,Clothing,9,1824.68,4,Sunny,False,0
839,4614,109,Clothing,14,340.19,3,Rainy,False,0
840,2242,153,Clothing,9,750.39,5,Rainy,False,1
841,3059,140,Clothing,7,859.43,12,Cloudy,False,1
842,3861,148,Electronics,3,733.86,9,Cloudy,False,1
843,4486,116,Electronics,13,1601.02,12,Cloudy,True,1
844,3079,155,Groceries,3,1057.59,13,Rainy,False,0
845,2183,144,Groceries,4,1152.76,8,Cloudy,True,1
846,2000,129,Clothing,7,1708.97,12,Rainy,True,0
847,1236,143,Electronics,7,1615.74,9,Sunny,False,1
848,4810,173,Electronics,12,281.78,13,Rainy,True,1
849,2204,154,Clothing,12,1433.55,5,Stormy,False,1
850,4900,118,Clothing,14,882.16,8,Cloudy,True,1
851,3605,128,Electronics,2,603.4,4,Rainy,True,1
852,4412,101,Groceries,12,119.04,5,Cloudy,False,1
853,2481,135,Clothing,5,984.75,12,Stormy,False,1
854,2103,118,Groceries,7,723.76,3,Rainy,False,1
855,1646,106,Clothing,7,518.0,5,Rainy,False,0
856,4843,125,Clothing,6,1395.45,12,Stormy,False,1
857,4034,178,Clothing,10,1543.58,3,Cloudy,False,0
858,3867,137,Clothing,10,504.68,5,Rainy,False,0
859,4830,102,Clothing,12,117.91,11,Rainy,False,0
860,1472,179,Clothing,8,1700.53,14,Rainy,False,0
861,4742,165,Clothing,3,39.72,5,Sunny,True,0
862,4786,194,Groceries,1,1875.48,6,Stormy,False,1
863,1111,191,Clothing,3,1262.69,9,Rainy,False,0
864,4363,170,Clothing,11,657.26,1,Cloudy,False,0
865,2845,193,Groceries,2,508.03,12,Sunny,False,0
866,2654,142,Electronics,2,37.83,10,Rainy,False,0
867,1382,161,Electronics,14,486.23,14,Sunny,False,0
868,1016,170,Clothing,14,292.7,6,Cloudy,False,0
869,1492,199,Clothing,2,1232.09,1,Rainy,True,1
870,4402,192,Groceries,5,349.76,6,Cloudy,True,1
871,3973,123,Clothing,13,1066.69,2,Sunny,False,1
872,4810,138,Clothing,1,1188.43,8,Rainy,False,0
873,2896,167,Clothing,10,610.12,11,Sunny,True,1
874,2509,192,Electronics,4,89.43,3,Rainy,True,1
875,4477,143,Clothing,14,93.76,10,Cloudy,False,1
876,1116,104,Groceries,10,72.17,14,Rainy,False,1
877,2578,154,Electronics,5,1483.47,6,Cloudy,False,1
878,1879,192,Clothing,2,649.66,6,Rainy,False,0
879,3162,129,Clothing,5,1596.67,4,Rainy,True,1
880,2818,128,Electronics,10,874.83,5,Rainy,False,0
881,2572,125,Electronics,4,916.94,2,Sunny,True,0
882,3861,182,Groceries,8,1035.51,10,Cloudy,True,0
883,2648,125,Clothing,1,1431.8,10,Cloudy,False,0
884,4618,136,Electronics,12,561.54,8,Sunny,False,0
885,1643,190,Electronics,5,260.74,10,Sunny,True,0
886,2359,193,Clothing,14,1120.99,7,Cloudy,True,1
887,1335,152,Clothing,14,667.42,10,Cloudy,False,0
888,3969,129,Clothing,11,896.13,6,Cloudy,False,1
889,4960,102,Electronics,12,1300.95,7,Rainy,True,0
890,4811,142,Groceries,10,998.37,12,Rainy,False,0
891,1146,106,Clothing,1,1248.15,1,Stormy,True,0
892,1121,148,Clothing,10,1097.52,14,Cloudy,False,1
893,1080,172,Clothing,10,1484.8,14,Rainy,False,1
894,3732,140,Clothing,4,1417.75,5,Cloudy,False,0
895,4737,176,Groceries,8,1077.7,7,Cloudy,False,0
896,3709,178,Groceries,1,1364.23,1,Rainy,False,0
897,3422,153,Clothing,11,1749.65,2,Rainy,False,0
898,4641,168,Groceries,2,875.9,9,Sunny,True,1
899,3110,192,Clothing,1,837.27,12,Sunny,True,0
900,1503,198,Groceries,11,1533.21,3,Cloudy,False,0
901,1667,190,Electronics,7,1173.46,6,Rainy,True,0
902,3496,126,Clothing,2,160.59,7,Cloudy,False,1
903,4499,107,Electronics,1,1786.38,9,Stormy,False,1
904,3915,131,Groceries,12,80.95,5,Sunny,False,0
905,4498,183,Electronics,6,1501.82,4,Rainy,False,1
906,2444,163,Clothing,6,1522.41,11,Cloudy,False,1
907,2345,109,Clothing,10,1907.16,12,Cloudy,False,1
908,4984,112,Clothing,2,127.19,2,Cloudy,True,1
909,3727,162,Clothing,1,1201.78,3,Rainy,False,1
910,2189,192,Groceries,14,867.12,5,Rainy,True,0
911,2620,134,Clothing,10,674.65,11,Rainy,True,1
912,2980,160,Groceries,3,198.83,13,Stormy,False,0
913,2672,153,Electronics,10,1134.06,2,Rainy,True,1
914,3508,107,Clothing,14,968.5,13,Stormy,True,0
915,1458,128,Clothing,5,227.02,4,Rainy,True,0
916,2212,194,Electronics,6,1232.73,1,Stormy,False,0
917,1463,140,Clothing,3,1481.15,4,Cloudy,False,1
918,1911,129,Clothing,9,1539.21,7,Rainy,True,0
919,3426,185,Clothing,11,1812.64,14,Cloudy,False,1
920,2025,120,Clothing,5,830.75,12,Rainy,True,0
921,4689,175,Clothing,13,1907.08,3,Rainy,False,0
922,3411,110,Electronics,2,1733.55,10,Sunny,False,1
923,1071,101,Electronics,10,607.07,8,Sunny,False,0
924,2450,149,Clothing,6,335.38,6,Rainy,False,0
925,3685,140,Electronics,12,882.07,6,Cloudy,False,1
926,2193,165,Electronics,8,815.76,14,Cloudy,True,0
927,4276,197,Clothing,11,1159.92,1,Sunny,False,0
928,2848,102,Clothing,6,1175.1,5,Cloudy,True,1
929,3384,179,Clothing,4,1504.97,3,Cloudy,False,1
930,3022,150,Clothing,6,1029.58,10,Stormy,True,0
931,4543,167,Clothing,8,227.55,1,Cloudy,False,0
932,3242,186,Clothing,8,1719.42,8,Sunny,True,0
933,4741,183,Clothing,13,633.33,7,Rainy,True,1
934,2011,124,Clothing,10,1943.17,7,Cloudy,False,0
935,1652,129,Clothing,2,253.36,12,Sunny,False,1
936,2298,181,Clothing,8,1917.34,10,Sunny,False,0
937,1006,110,Electronics,6,200.2,14,Sunny,False,0
938,1904,192,Clothing,2,477.45,10,Rainy,False,0
939,4026,116,Clothing,1,112.23,10,Rainy,True,1
940,3028,125,Groceries,6,1416.12,4,Rainy,True,1
941,3613,122,Groceries,13,1703.59,13,Sunny,True,1
942,1615,155,Clothing,7,879.46,11,Cloudy,False,0
943,4925,151,Electronics,14,1858.47,6,Rainy,True,1
944,2873,147,Electronics,14,1188.79,13,Rainy,True,0
945,3620,119,Clothing,10,1267.41,9,Sunny,True,0
946,3646,101,Clothing,5,1693.93,14,Sunny,True,0
947,1769,187,Electronics,14,607.66,3,Rainy,False,1
948,4249,130,Clothing,10,721.45,9,Sunny,True,0
949,3289,126,Electronics,8,1813.78,4,Rainy,False,1
950,4274,101,Groceries,11,1803.91,5,Cloudy,False,0
951,2566,177,Electronics,13,1953.44,7,Rainy,False,0
952,4872,103,Groceries,12,1805.64,6,Rainy,True,1
953,2485,112,Groceries,9,272.2,10,Rainy,False,0
954,4151,199,Clothing,4,1650.97,8,Cloudy,True,1
955,4594,134,Clothing,7,831.48,8,Cloudy,False,1
956,2440,171,Clothing,8,1981.79,8,Cloudy,True,1
957,1765,165,Clothing,13,955.12,3,Rainy,False,0
958,1383,105,Clothing,6,1116.6,14,Rainy,False,1
959,3438,130,Clothing,2,1068.95,10,Rainy,False,0
960,3943,109,Clothing,7,657.04,6,Cloudy,False,0
961,4870,120,Clothing,13,168.54,7,Sunny,False,1
962,1687,173,Clothing,9,1793.39,9,Stormy,False,1
963,2149,122,Electronics,5,1609.3,10,Cloudy,True,0
964,4565,102,Clothing,2,296.26,10,Cloudy,False,0
965,1046,131,Electronics,4,1558.0,14,Sunny,False,1
966,4789,119,Electronics,3,1259.18,12,Cloudy,False,0
967,4547,173,Electronics,4,830.1,4,Rainy,True,0
968,2972,128,Electronics,10,522.96,5,Sunny,False,0
969,3666,151,Electronics,7,1722.26,8,Rainy,True,0
970,1463,145,Groceries,10,1406.37,1,Cloudy,True,0
971,4858,133,Electronics,8,1104.53,12,Rainy,True,1
972,2872,183,Clothing,1,1226.95,6,Rainy,True,0
973,1122,160,Electronics,13,200.31,4,Sunny,False,1
974,4545,171,Groceries,8,958.36,5,Cloudy,False,1
975,3181,170,Clothing,5,403.53,11,Cloudy,True,1
976,2642,169,Clothing,12,432.6,5,Cloudy,False,1
977,4888,110,Clothing,7,1329.38,2,Rainy,False,0
978,1840,181,Clothing,11,1824.29,8,Rainy,False,0
979,2585,192,Clothing,11,819.44,2,Rainy,False,1
980,3896,188,Electronics,1,431.34,4,Rainy,False,0
981,3654,162,Groceries,2,1304.52,12,Stormy,True,1
982,2803,120,Clothing,1,1744.95,13,Rainy,False,1
983,1022,102,Clothing,5,1501.67,5,Rainy,False,1
984,1565,181,Clothing,14,1740.14,14,Rainy,False,1
985,2909,187,Clothing,14,1082.38,1,Cloudy,False,0
986,3813,109,Groceries,6,1508.71,6,Sunny,False,0
987,1964,126,Clothing,10,297.33,2,Rainy,False,0
988,3282,111,Clothing,9,709.58,14,Cloudy,True,1
989,1995,106,Electronics,8,791.31,5,Rainy,True,0
990,4130,116,Groceries,7,1032.37,6,Cloudy,False,0
991,2187,164,Clothing,12,1859.57,11,Sunny,False,1
992,2794,163,Electronics,5,1751.11,8,Cloudy,False,0
993,1825,125,Electronics,14,286.36,9,Sunny,False,1
994,1215,114,Clothing,3,362.12,13,Sunny,False,1
995,4254,132,Groceries,9,728.13,12,Cloudy,False,0
996,4640,161,Electronics,13,595.67,6,Rainy,False,0
997,1656,146,Clothing,5,1237.25,5,Rainy,True,1
998,3982,194,Electronics,3,1807.5,12,Rainy,False,1
999,2113,134,Clothing,3,1925.34,4,Cloudy,False,1
1000,2987,164,Clothing,3,1314.13,2,Rainy,True,1
